,股票代码,公司名称,日期,年份,经营活动产生的现金流量净额,投资活动产生的现金流量净额,筹资活动产生的现金流量净额,自由现金流,资本开支,净利润,营业收入,总资产同比变化,营业总收入同比变化,营业成本,净营业周期,销售收现率,归母加权ROE,毛利率,销售净利率,资产周转率,杠杆倍数,有息负债率,资产负债率,流动比率,速动比率,归母净利润,净资产,归母权益,归属于母公司股东及其他权益持有者的净利润,总股本,市值,固定资产,销售费用率,管理费用率,研发费用率,财务费用,PE-TTM(扣非),股息率,应付账款,现金流肖像
0,002195,岩山科技,2024-12-31,2024,-199907238,-95126752,-142052450,-264920933,70276952,16395207.0,661578789,0.04311579167215102,0.17059220521646024,440102808.0,37.438688266818396,0.8820994561843487,0.0033,0.3347688660556498,-0.08444017542406426,0.06431387274337147,1.0242048555276113,0.002697796973887447,0.023632826379389113,34.980702871374795,34.83978047446776,32461729,9789261372.0,1.723,32461729,5681544595.999999,22555732046.120003,291622374.0,0.041093206813799465,0.38896825333376883,0.3608798482806256,-0.05336808493115096,9388.496767981167,0.002538089957929243,78682956.0,危险
1,002195,岩山科技,2023-12-31,2023,490898021,-840977946,-108180045,430636087,62426186,288657319.0,565165893,0.018201619995446214,-0.15311367780304574,261911675.0,36.51265561883819,0.86235966295298,0.0348,0.5365755820654238,0.5868770764622203,0.0566319150528272,1.034270960722989,0.00567345927245071,0.0331353794358033,28.373237185107108,28.32488946534936,331760347,9735754272.0,1.7006,331760347,5724847663.0,17575282325.41,77522920.0,0.02541755470017367,0.2713727312628188,0.1574735791779282,-0.30392960213542114,95.0987823228602,0.006364722411216826,63105453.0,奶牛型
2,002195,岩山科技,2022-12-31,2022,716391283,650218218,-269188100,710182995,6552176,173900253.0,667345638,-0.008416796114404207,-0.2842782562477101,269201329.0,121.0199687233743,0.8495975783990964,0.0227,0.5966088430475363,0.3177888307408102,0.06719413790799905,1.0511690848122373,0.024515150616150658,0.04867826266159387,20.557211662757158,20.5431891400282,211947960,9408222128.0,1.6434,211947960,5724847663.0,11506943802.63,57366954.0,0.019040169406187083,0.23365149949477904,0.1519880826732848,-0.12200893414695549,31.323221798336927,0.009721242687778934,60032736.0,母鸡型
3,002195,岩山科技,2021-12-31,2021,183908930,-1255329969,-353499389,117225642,73279472,371175595.0,932409339,0.006602545709071857,-0.239341794199485,413846467.0,148.66410003025706,0.9864935276029019,0.0435,0.5561536658954465,0.42630820002972963,0.09379556320274447,1.0740568908015746,0.039349065829692935,0.06895062210932376,12.251958546066696,12.247182341037655,397347917,9275672615.0,1.6202,397347917,5724847663.0,13396143531.0,58369325.0,0.026526833189516135,0.19764781013202615,0.1580952440460273,-0.004953434941946672,-14.237280028018871,0.0,68692722.0,奶牛型
4,002195,岩山科技,2020-12-31,2020,808275310,-515258534,-530145042,795637256,12730227,-975434335.0,1225792783,-0.12963520839129025,-0.49778263150537305,610573405.0,69.97268966802973,0.9507378246654271,-0.0952,0.5018950890658,-0.744826767347675,0.11514076100647451,1.0834359540582044,0.03709028957802495,0.07701050868427628,10.08349689526308,10.078927338001833,-913158157,9135051423.0,1.5957,-913158157,5724847663.0,12938155718.0,84161930.0,0.022878760903913723,0.1441682211307325,0.14504151555279635,-0.02926807491246259,42.42018268321311,0.006690011929369313,155636230.0,奶牛型
5,002195,岩山科技,2019-12-31,2019,1656574972,-1042444565,-1062649752,1477543626,179138084,698960404.0,2440761431,-0.03327498063969435,-0.353255375431293,231362490.0,-258.05555735116974,0.8801437996829768,0.0789,0.9052088880701425,0.31542209050909903,0.21077689469043748,1.1177147012132718,0.06232000814193014,0.10531730591653628,6.05839805955894,6.033607065079631,759120256,10159214361.0,1.7606,759120256,5770427743.0,18638481610.0,137487022.0,0.31246483138974185,0.08202034146286048,0.10123542098859067,0.0008206410403573769,19.475947335632185,0.007151276986494108,205724678.0,奶牛型
6,002195,岩山科技,2018-12-31,2018,-178559858,-566068402,813934182,-209768936,31322272,1333621319.0,3773918388,0.28385522170809213,0.17928061962836023,398975015.0,-155.3575041262739,1.0109198635908605,0.1655,0.8942809637143643,0.3635958844163537,0.3603141343895475,1.2621147054772253,0.1268519844635663,0.20767898855763325,4.212401512453725,4.172899499069925,1367355675,9315673779.0,2.0967,1367355675,4442964822.0,16394540193.0,71811802.0,0.21340684620019398,0.057393230518370184,0.07892644895213351,-0.0063923671684868455,12.818248777013292,0.006250250774874038,317862623.0,危险
7,002223,鱼跃医疗,2024-12-31,2024,1816269733,-25498591,-2399160129,1692620995,128430788,1392839113.0,7565819017,-0.020145697726457593,-0.05091933724638323,3772269939.0,24.728125131158215,1.0457249905426862,0.1482,0.5014062680426393,0.23847601230559545,0.4786487482911093,1.2364123097751547,0.002762301725897206,0.19120831126159452,3.4383130230177805,2.8839212656846778,1805700655,12535332608.0,12.5044,1805700655,1002476929.0,36580383139.21,1956323867.0,0.17994064065516358,0.05660063993571471,0.0722570313632444,-0.031185213982762656,25.417866646285614,0.03287020752145046,1529466269.0,奶牛型
8,002223,鱼跃医疗,2023-12-31,2023,2126977842,1735269025,-1465181814,2025949225,132574471,1835621624.0,7971734452,0.0577830105221565,0.12251402413397679,3866870037.0,22.70142357118368,1.086603599023145,0.2245,0.5149273899822573,0.29811231649892395,0.5132678294014891,1.3400580125229344,0.07757256261838781,0.25376365010245316,3.266115532431365,2.757554888486085,2395853276,11763562139.0,11.7345,2395853276,1002476929.0,34665652204.82,1974016724.0,0.13777637521837513,0.05156070858542943,0.06326994909789803,-0.019753453899921752,17.674643779964715,0.01735106998264893,1410729789.0,母鸡型
9,002223,鱼跃医疗,2022-12-31,2022,2304919409,-417894277,354894728,2127203810,379370430,1250509076.0,7101679160,0.2581587643108555,0.03007858723909611,3683643378.0,55.92541423804118,1.0984682947856519,0.1751,0.48129966237449684,0.22145324416486312,0.5242432179325763,1.4995591753614979,0.14058934253298583,0.3331373537429154,3.0987645193926276,2.598256314775051,1595037435,9860018658.0,9.8357,1595037435,1002476929.0,31938914957.94,2098694250.0,0.14524252374138513,0.05918921828622852,0.06989912861678758,-0.013553521615302036,30.492305699262825,0.009416195856873822,1447449448.0,蛮牛型
10,002223,鱼跃医疗,2021-12-31,2021,1201201634,-1828722259,774704840,917600043,284323694,1318943231.0,6894308112,0.19200775084068802,0.025071165923921508,3565298892.0,56.70816274010779,0.9544235109752228,0.1922,0.48286342384461156,0.21525350446942718,0.62496245535759,1.4232947127795168,0.1263990808393321,0.2974048234556251,3.7509685117535834,3.0363193369992594,1482421641,8272114352.0,8.2517,1482421641,1002476929.0,37893627916.2,1950587214.0,0.1370704164432621,0.05636495724982475,0.061742015454617674,-0.0012529390708495797,25.87296248373702,0.007936507936507936,975942440.0,蛮牛型
11,002223,鱼跃医疗,2020-12-31,2020,2830851056,-1558304375,-453663052,2153111965,678919465,1626319404.0,6725687290,0.2635695449310499,0.45077265808107086,3182544437.0,60.44062406547029,1.0595425063242867,0.2619,0.5268075514405903,0.2611792221758202,0.7460145597438963,1.3429464978725705,0.06386608761632367,0.2553686973251915,2.289789871679687,1.8490647577977732,1759061963,7437320072.0,7.4189,1759061963,1002476929.0,28279874167.09,1843484625.0,0.11211670131038756,0.05347666334930062,0.05969899739421278,0.019016625288268495,19.971662547379943,0.014179369018078695,926862179.0,奶牛型
12,002223,鱼跃医疗,2019-12-31,2019,614203042,-553167155,-166197239,174303792,440389282,707640391.0,4635934688,0.15254924414241325,0.10817611779684916,2679183412.0,127.54850160961615,0.8650494085649206,0.1307,0.4220834432946179,0.16427644418100137,0.6232297527115661,1.293857361931482,0.018830668503078317,0.2271172776961913,2.64167579189886,1.9036843845373037,752567255,6070575009.0,6.0556,752567255,1002476929.0,20370331217.6,1738706696.0,0.13591408106567354,0.05741604787681599,0.05070554199317486,-0.0022285788509365644,27.942841176406034,0.0073818897637795275,942352204.0,奶牛型
13,002223,鱼跃医疗,2018-12-31,2018,798144562,-1066231385,-146866616,411273440,389543751,642441741.0,4183391623,0.042661590870463846,0.1812276004619363,2517348341.0,141.90127621132953,0.8951616089230764,0.1369,0.39825180909198377,0.17949192154798174,0.6179302272652725,1.246495186015379,0.02270741083581553,0.19775061195622157,3.439068593524437,2.736329470679863,727154342,5468172278.0,5.4547,727154342,1002476929.0,19658572597.3,609663901.0,0.12831785340121862,0.05903463009348767,0.03636296974054538,-0.007270826817353408,32.655436208139534,0.007649158592554819,516088736.0,奶牛型
14,002912,中新赛克,2024-12-31,2024,121871881,-15787062,-48605238,104341720,18037735,52942799.0,658452317,-0.06326186916667385,0.008006252657086788,165097731.0,350.85614492097454,1.0549311545668083,0.0352,0.7492639531557758,0.09100485707608194,0.31674784613924256,1.1962076167345903,0.007646223738395489,0.16402471777449318,5.432306449211208,4.69466384639864,59922359,1681052930.0,9.845,59922359,170752000.0,4369543680.0,176343976.0,0.28838041282190524,0.10423980329011433,0.3306982394596084,-0.06829436823137491,-469.94618823084534,0.011723329425556858,83297641.0,奶牛型
15,002912,中新赛克,2023-12-31,2023,88230512,-308282731,-33291825,71301316,16966262,87155699.0,653222453,0.09275046663027549,0.49898404983191547,146518706.0,472.3290325593525,1.06932763990585,0.0707,0.7756986072246969,0.1748925537928501,0.31777878530373616,1.2837209084375603,0.00566839844368699,0.22101447999384982,3.9329265920714405,3.331643919309442,114243743,1672242041.0,9.7934,114243743,170752000.0,4779348480.0,184302146.0,0.3059698117878382,0.10755061874763817,0.33390992608761416,-0.03823677352988967,299.7512904233341,0.0,76691419.0,奶牛型
16,002912,中新赛克,2022-12-31,2022,-121234984,385424611,-111188487,-134897681,14518895,-136731491.0,435776787,-0.09210467924414222,-0.37196873002650954,147511762.0,571.0254652261066,1.2994962326894204,-0.0754,0.6614969718430642,-0.280102363506572,0.21111863597883918,1.261088611909155,0.0027977447324637637,0.20703431102584807,4.10221862295145,3.3170990836857746,-122062108,1557769326.0,9.0657,-122062108,171831718.0,5436755557.52,187952283.0,0.41624131071488213,0.1595019424474301,0.5669338991202393,-0.1118205041059243,-143.0783244045936,0.0,107579005.0,危险
17,002912,中新赛克,2021-12-31,2021,-109986226,-118940819,-59800292,-231224631,121802128,-5754476.0,693877531,-0.056624438595883564,-0.2727415985495254,215415766.0,308.75137166388595,0.8802288742795449,0.0323,0.6895478576896015,0.08109256675152376,0.3113348452576207,1.288093148636722,0.0031561055267871185,0.22365862976728892,3.9362913059872504,3.4101323936136594,56268310,1679831434.0,9.5951,56268310,175071680.0,5793121891.0,203066139.0,0.2751896487047366,0.08435964040461198,0.29962675790981913,-0.00318714456254673,200.0692816814335,0.012046771552659988,88226775.0,危险
18,002912,中新赛克,2020-12-31,2020,224534138,-400713286,64935832,198515099,26020589,238118978.0,954100399,0.08243982381470859,0.05482398434489293,226820642.0,244.0671148795314,0.850367346927396,0.1517,0.7622675326016712,0.2596959316437724,0.43244115838936864,1.3068508884807066,-8.719702002963291e-10,0.23480175985298476,3.865322407200738,3.425291122373666,247775992,1755101814.0,10.0596,247775992,174471040.0,10112341478.0,97150774.0,0.19317843509255256,0.08032984587400849,0.2482231987830874,-0.01819908682377566,39.96972916363636,0.006859736703726859,76299004.0,蛮牛型
19,002912,中新赛克,2019-12-31,2019,264067021,-19380159,-69368000,193629465,70537231,290285872.0,904511476,-0.0071005571289171005,0.3085952432022049,160466054.0,335.3492315753733,1.0154448045941653,0.2106,0.8225936781812595,0.3262517843388866,0.4253430761497288,1.39442045909947,0.0,0.2828561905597617,3.1454949095355147,2.7314622613392117,295098483,1519605457.0,14.2392,295098483,106720000.0,13446720000.0,97146427.0,0.18903455460414745,0.07046837512982533,0.23964002420241265,-0.03617327238864131,61.12145454545455,0.005158730158730159,72840459.0,奶牛型
20,002912,中新赛克,2018-12-31,2018,226135430,-111034242,-50025000,172527600,53624078,197453505.0,691207981,0.3022973422709662,0.38849593298427837,147462598.0,271.6887112686604,1.2096204745645147,0.1695,0.7866595843024562,0.2962275170836027,0.3664107089914014,1.649403875864748,4.685766858572545e-10,0.3937203527694387,2.231463134257618,1.9467103516365238,204754824,1293874974.0,12.124,204754824,106720000.0,8650723200.0,70912458.0,0.2352272347387725,0.08058038033562578,0.24173594141413712,-0.03768797484414463,46.32027282233939,0.005782753515914138,80123869.0,奶牛型
21,300033,同花顺,2024-12-31,2024,2315506812,-119447263,-1310909124,2211829280,103677532,1764896338.0,4186794650,0.11494737341986705,0.17466020793921164,443397836.0,-239.23586028181722,1.1663881124430118,0.248,0.8940961109711937,0.43548307151868554,0.4021633741463142,1.3764803116913285,0.0,0.2735094053785134,3.2470652699608884,3.2467378528151984,1823266690,7974107474.0,14.8328,1823266690,537600000.0,154560000000.0,631769497.0,0.1414109242257678,0.05287500594279206,0.2850016878663968,-0.04918432672593579,124.44268551421561,0.0076521739130434785,161541411.0,奶牛型
22,300033,同花顺,2023-12-31,2023,1591901415,-484212653,-1217779979,1390771659,201129756,1368922317.0,3564260219,0.09053664377581687,0.0014393276646965936,389002785.0,-227.38675024731572,1.0973184909875404,0.2019,0.8908601614084339,0.39348325818744045,0.37772201932159366,1.345046194581352,9.638490882495159e-05,0.25653111105628046,3.420993446541723,3.4208167356237875,1402468555,7319141467.0,13.6145,1402468555,537600000.0,84333312000.0,665146609.0,0.13951195520160758,0.057362873201598864,0.3308510135466066,-0.05702428793401181,55.58386979558605,0.015936762924714732,165138428.0,奶牛型
23,300033,同花顺,2022-12-31,2022,1749608774,-290419782,-968650486,1467928992,281679782,1606750514.0,3559137454,0.061911308642474364,0.014038324075245572,369626160.0,-190.04214411375216,1.055337607649474,0.2555,0.8961472646737515,0.4751667992196628,0.40609132285604405,1.246006095183213,0.00020674175586604746,0.19743570768571575,4.528575032275656,4.528092374249417,1691183952,7245179424.0,13.4769,1691183952,537600000.0,53012736000.0,700620879.0,0.1033735563054767,0.04516612945626348,0.2998118119323413,-0.05177139303594876,30.352060370158814,0.018253726802555523,110188213.0,奶牛型
24,300033,同花顺,2021-12-31,2021,2127812005,-236303448,-646090486,1891508557,236346448,1886101021.0,3509864834,0.18803464851718452,0.23426077963418349,301317737.0,-170.99688523336457,1.079301504235647,0.3359,0.9141511849456023,0.5445237156958849,0.44834696415222697,1.3125815329337944,1.1763022667155178e-10,0.23814256493090616,3.762710762706853,3.7624959347322333,1911204641,6476714843.0,12.0475,1911204641,537600000.0,77726208000.0,405562056.0,0.09607980476435635,0.04152214597788696,0.23604199596935246,-0.04941458295484891,41.10653412414634,0.008299903167796375,79107341.0,奶牛型
25,300033,同花顺,2020-12-31,2020,2066010015,100793556,-456960000,1695937064,370078951,1657632843.0,2843697938,0.3666423337698884,0.6323448175935945,237047487.0,-173.7257628624508,1.1577889627460145,0.3837,0.9166411158399201,0.6062440757025298,0.45896940909567346,1.369718267387616,0.0,0.2699228565395117,3.4675750567602286,3.4675750567602286,1723975028,5224211026.0,9.7177,1723975028,537600000.0,66651648000.0,419102101.0,0.1012825455725319,0.04103571143778774,0.20581948813158368,-0.04885173110112513,58.466357894736845,0.006855944507178577,43834453.0,母鸡型
26,300033,同花顺,2019-12-31,2019,1219079300,-542343847,-258048000,1089738085,129341215,835884425.0,1742093893,0.2675644134713817,0.2561181077897683,180824256.0,-219.00946946339417,1.203976742257026,0.2493,0.896202921824949,0.5152853182064395,0.37197595679996465,1.3122559735144008,0.0,0.2379535544635498,3.7158058516893293,3.7158058516893293,897675406,3990051777.0,7.422,897675406,537600000.0,58657536000.0,438533731.0,0.11439464474375492,0.060423185238730415,0.2668800119604116,-0.0600431712781396,79.80617142857143,0.004399230134726423,41426430.0,奶牛型
27,300033,同花顺,2018-12-31,2018,528201876,-49685711,-483840000,422951931,105297945,588980117.0,1386887015,-0.019104706888731775,-0.01618165081653715,146080304.0,-250.1510321238424,0.9473510637778955,0.2023,0.8946703643338964,0.4570914660989886,0.3325103410761229,1.2367868763746175,0.0,0.19145325779015362,4.576936352413404,4.576936352413404,633934219,3339890154.0,6.2126,633934219,537600000.0,20536320000.0,395189439.0,0.10684380082684673,0.07603620616492686,0.2855757337954455,-0.051491630700717175,37.06916967509025,0.02356020942408377,36341384.0,奶牛型
28,601998,中信银行,2024-12-31,2024,-181032000000,-29532000000,220803000000,-199555000000,18783000000,68062000000.0,213646000000,0.05305041135670607,0.03764036212456774,,,,0.0979,,0.3251546951499209,0.02299097464940663,11.80720244251361,,0.9153059325552555,,,68576000000,683765000000.0,12.58,68576000000,54397013781.0,379691156191.38,45743000000.0,,,,,5.669232182509332,0.06774957228578689,,危险
29,601998,中信银行,2023-12-31,2023,-918000000,1887000000,-63102000000,-14359000000,13524000000,66524000000.0,205896000000,0.05907440301850485,-0.025999091734786556,,,,0.108,,0.33056494540933284,0.023397236833784404,12.321753156157484,,0.9188427176452342,,,67016000000,599162000000.0,12.3,67016000000,48966865954.0,259034720896.66,35162000000.0,,,,,3.9282801428043252,0.0621521451156187,,危险
30,601998,中信银行,2022-12-31,2022,195066000000,-115873000000,-32539000000,188394000000,6799000000,61850000000.0,211392000000,0.0627460249333448,0.03341366953954154,,,,0.108,,0.297787995761429,0.025483611723797102,12.463063732995057,,0.9197629073056433,,,62103000000,547342000000.0,11.25,62103000000,48934843657.0,243695521411.86002,31500000000.0,,,,,4.001568496089655,0.06064256880889391,,奶牛型
31,601998,中信银行,2021-12-31,2021,-75394000000,-206788000000,219918000000,-79707000000,4481000000,55511000000.0,204557000000,0.07079105347362412,0.05045935161838639,,,,0.1073,,0.27560533249901004,0.026302739898206542,12.515652961442582,,0.920100053662343,,,55641000000,508227000000.0,10.45,55641000000,48934842469.0,226078972206.78,34184000000.0,,,,,4.2197019655221455,0.05497835059670025,,危险
32,601998,中信银行,2020-12-31,2020,156863000000,-218249000000,45972000000,152612000000,4619000000,48818000000.0,194731000000,0.11269321538336874,0.03810026441487547,,,,0.1011,,0.25436114434784396,0.02730844812999164,13.411877408318722,,0.9254392230442138,,,48980000000,466490000000.0,9.6,48980000000,48934838569.0,250057025087.59003,33868000000.0,,,,,5.669327433005873,0.046771015562207564,,蛮牛型
33,601998,中信银行,2019-12-31,2019,116969000000,-253064000000,100579000000,113312000000,4056000000,47946000000.0,187584000000,0.11270005475781453,0.13787957829352032,,,,0.1107,,0.2611843227567383,0.02927078857720833,12.676298157453937,,0.9211126160351492,,,48015000000,439228000000.0,8.9758,48015000000,48934811106.0,301927784548.7,22372000000.0,,,,,6.2287827150929385,0.03727713641701829,,蛮牛型
34,601998,中信银行,2018-12-31,2018,102316000000,-144573000000,74042000000,98716000000,4754000000,44377000000.0,164854000000,0.06851781824688945,0.05198203027286418,,,,0.1139,,0.27524961481068094,0.028073623142253694,13.389762649916351,,0.9253160772042328,,,44513000000,401706000000.0,8.209,44513000000,48934796573.0,266694641306.5,21385000000.0,,,,,5.997046194295159,0.04788990825688074,,蛮牛型
35,605398,新炬网络,2024-12-31,2024,-68284475,-6269171,-75480969,-67589416,1210306,16631626.0,533059763,-0.05348090055826531,-0.1625219270932987,315170718.0,239.22736824838037,0.9402574041214963,0.0204,0.4087516262224429,0.039779873612407694,0.42968508827678153,1.179476163096583,0.016525146987780973,0.15216599428799682,6.620804962193199,5.274214372309483,21387625,1022640400.0,6.2848,21387625,162716379.0,3534199751.8799996,2712122.0,0.05381253096006048,0.1075110165461879,0.22633352275737234,-0.014973531213609908,69.40358904439664,0.0039131820414630555,84150813.0,危险
36,605398,新炬网络,2023-12-31,2023,52152187,468848,-14420872,50331085,1821922,55723045.0,636505934,0.03323712041100379,0.03803004940631236,399319373.0,151.10742138247278,1.025196648048846,0.0571,0.3726384128258575,0.09372586304906311,0.5075133574336808,1.1961214989829227,0.016891303309720832,0.16396452964827346,6.088123501587871,4.888516092688945,59563002,1065215773.0,9.1343,59563002,116616489.0,3444851085.06,6533860.0,0.045071330002714474,0.08709565149160102,0.17270400341625095,-0.01946854748411505,70.65182655192778,0.0036270432281348894,102020617.0,母鸡型
37,605398,新炬网络,2022-12-31,2022,61659487,-3036116,-54226225,55153419,6507753,44621899.0,613186424,-0.017391768635576767,0.03677430958948229,393110230.0,141.33989851725065,1.0935984600337465,0.057,0.3589058488352964,0.09305877587400728,0.49268469816964383,1.211149777312888,0.015133930052679418,0.17433828686436673,5.751448522028467,4.582467955761437,56979110,1018231773.0,12.224,56979110,83297492.0,2336494650.6,7412988.0,0.043935966201365216,0.07680383021656723,0.16906163271481692,-0.014923058700986504,48.91520319398899,0.006366182775629421,114131119.0,奶牛型
38,605398,新炬网络,2021-12-31,2021,78932305,-543382,474643651,75294149,3745836,55909512.0,591436746,0.8938890094051077,0.05429773742260926,368547813.0,150.59298984876483,1.0687888202333644,0.0757,0.37686013678967456,0.11724906588742796,0.6165870586666522,1.2858435757744324,0.043809446807350806,0.22230042766006336,4.553715528427008,3.5748457494411996,69254724,976127215.0,16.406,69254724,59498208.0,2288896061.7599998,3567473.0,0.052079887170216506,0.08427199753327468,0.14704739363624186,-0.015067645120582345,28.256285926601056,0.010397712503249288,150676110.0,蛮牛型
39,605398,新炬网络,2020-12-31,2020,91551896,-442327,-31871105,91109569,442664,99205983.0,560976966,0.21183952508917112,0.012058793187095393,331967972.0,109.39789709771195,1.0049018091056523,0.2949,0.40823243712291746,0.19348377665830935,0.9272663501952431,1.5949323106354374,0.07702226504003656,0.37301414553720147,2.6567249579121675,1.7516954851485882,108489239,415458791.0,9.3103,108489239,44623656.0,0.0,1745292.0,0.04004209506170704,0.073236839460535,0.0968667365925324,0.0002478640094466909,0.0,,131375003.0,奶牛型
40,605398,新炬网络,2019-12-31,2019,109041193,-1160752,-19216629,107880441,1161624,97397083.0,554292863,0.22209956186917248,0.05038164430443951,324595566.0,72.58808905330226,1.0479866723450848,0.3769,0.4143969954020498,0.19056537807162782,1.1145394530973962,1.6723732020480377,0.1108941439698597,0.4020473427968288,2.459718236612739,2.250818990849879,105602112,326969553.0,7.3273,105602112,0.0,0.0,2437094.0,0.044472367669651916,0.08609297392306493,0.08588656318311644,0.0033823076664799127,0.0,,96808973.0,奶牛型
41,605398,新炬网络,2018-12-31,2018,75446267,-1321805,-33317828,74124462,1412805,83463179.0,527706159,0.22693293718732502,0.37513894650091534,324060660.0,75.16116807837732,0.9838112160445716,0.4137,0.38590699677621154,0.17206592807646195,1.2990489706279593,1.8691885914857267,0.12416758097279491,0.4650085044628114,2.1157501193852033,1.8795736618400491,90797297,239367441.0,5.3641,90797297,0.0,0.0,2566135.0,0.042464814211122366,0.07889092876780314,0.0787012190244306,0.003076799412530639,0.0,,87034569.0,奶牛型
42,688590,新致软件,2024-12-31,2024,38542610,-399060485,306815285,-371186751,409793149,-4114435.0,1995198312,0.14954043505839304,0.18571745986963883,1491939247.0,273.0868747866333,0.9478057231836712,0.0056,0.2522351096495916,0.0014603370414238803,0.6876327844603274,1.9356777485111638,0.3747039362560003,0.48338508268271674,2.0462985606437054,1.6983366547830434,8092740,1378623257.0,5.1981,8092740,265217244.0,4251432421.32,502603554.0,0.06263214250353676,0.060016877660630255,0.07632891982919841,0.02479111409753438,118.01397440131696,0.00698896537811474,115243447.0,蛮牛型
43,688590,新致软件,2023-12-31,2023,85943227,-189093940,31854936,-118583030,204552243,43266042.0,1682692867,0.13422639811435935,0.27920860298807565,1240281848.0,294.45750072935755,1.0770071434551343,0.0525,0.26291846104319405,0.04716652548810026,0.6624913956685295,1.6929323623472339,0.2886070043175241,0.40930894686571534,2.4150132317576634,1.9750700342609788,68615165,1330044220.0,5.1785,68615165,256838214.0,5809544861.64,93827796.0,0.051639871841211056,0.05386669354675525,0.08040035924155374,0.026420504818126148,-125.06549201895866,0.0,105608982.0,蛮牛型
44,688590,新致软件,2022-12-31,2022,-128053738,-76573124,336423110,-200955383,72925354,-68064645.0,1315417097,0.19460244745016447,0.025682024378128433,1051808651.0,326.31793657386186,0.9780815939934525,-0.045,0.20039913317319458,-0.034522002263438725,0.6016541254803927,1.6772225168854726,0.3105681388734706,0.4037761895440353,3.1898495029456493,2.7106233420448,-51939208,1081348116.0,4.5297,-51939208,238723764.0,2286973659.12,94276287.0,0.060818046369059776,0.06167785197944709,0.09420208638203521,0.0172068464456031,55.97897073534035,0.019101814761088937,30820219.0,危险
45,688590,新致软件,2021-12-31,2021,-10609034,-124540746,-233034477,-48924750,38326364,66220992.0,1282480404,-0.016870331496123478,0.1938040650240615,877174610.0,294.8296680578475,0.9784131360497575,0.1281,0.3160327383840479,0.11303066428763928,0.6381895730357918,1.5516069133944053,0.24890133520206703,0.3555068675143183,2.6838558641450114,2.330010299393558,141217999,1156554994.0,6.3539,141217999,182022280.0,3345569506.3999996,75572502.0,0.06292335832056893,0.07793792925665631,0.09457090854699718,0.016311219988044356,47.796780716897665,0.007616974972796517,6540879.0,危险
46,688590,新致软件,2020-12-31,2020,29603983,-23594098,567735778,-12930874,42542319,64614645.0,1074280480,0.5002352409038223,-0.038845987265878124,724448938.0,298.42420529108705,1.0204422917560598,0.1367,0.3256426496737612,0.07924107771184673,0.6361305505960064,1.7129950700748553,0.3176466256671039,0.41622715822743056,2.2129506485125905,1.9686917781345565,81610434,1048829682.0,5.7621,81610434,182022280.0,3585838916.0,115197104.0,0.056046933851018124,0.06091955892189347,0.09397816201593834,0.024590307179369022,98.81056920475743,0.0,15669979.0,蛮牛型
47,688590,新致软件,2019-12-31,2019,-16596365,-25239629,83939421,-40814950,24388859,64773509.0,1117698585,0.17632629843947736,0.12517208487911516,776732984.0,239.35341120211564,0.9152667890332884,0.1487,0.305060421097339,0.07632747338585921,0.8944126615281243,1.966522757151585,0.33991065869003156,0.4914882137197067,1.7616736459706563,1.519861417490854,79577880,556166823.0,4.07,79577880,0.0,0.0,91293336.0,0.05006764323674973,0.06157519471137203,0.08184508169525866,0.02231832565127565,0.0,,12954554.0,危险
48,688590,新致软件,2018-12-31,2018,31684788,-43928730,31953799,-8866081,45039495,46230061.0,993357905,0.1496019466732617,0.12810294135030792,716796895.0,217.46209948069557,0.9635283629217205,0.1329,0.2784102372447522,0.06555401801528926,0.9251932242196532,1.888377250979924,0.30579659637554774,0.4704447961968001,1.7695346739809892,1.4737219125712526,60687005,487495897.0,3.57,60687005,0.0,0.0,78003152.0,0.051837984819781545,0.06517227947161704,0.0782305225627615,0.024245679103947936,0.0,,9493021.0,蛮牛型
49,002987,京北方,2024-12-31,2024,261074556,-13546065,-74383308,234731378,26371418,304165696.0,4636169749,0.09983260040367839,0.09291786509458831,3597885284.0,144.21744959042005,1.0497716146070302,0.1168,0.2239530735957097,0.06721594567740233,1.4370097048301946,1.2034668846253629,0.0059017814459530315,0.16906728986456632,5.1949984475425754,3.7069152549845,311624534,2808260514.0,4.534,311624534,619255711.0,8812008767.53,46721608.0,0.018398859968058515,0.03704244350350684,0.09213032850924631,-0.000682095602880394,27.93780622998573,0.008513063136797951,1567609.0,奶牛型
50,002987,京北方,2023-12-31,2023,131025531,67719136,-44975265,-219359501,350489107,328763100.0,4242011131,0.1376202347216218,0.15482797300378526,3252793227.0,138.69731290596505,1.0007829093082123,0.1461,0.23319549936371908,0.08194866309038924,1.4693444143765884,1.2068898072122176,0.009288823452978084,0.17142394108879763,5.176012937948281,3.7672742488717135,347627141,2546110981.0,5.7699,347627141,441277573.0,8198937306.339999,51796584.0,0.01763391294599599,0.03326833679635623,0.0928610788220961,0.00012801899458287865,26.076066354252923,0.003840720513334068,2260716.0,母鸡型
51,002987,京北方,2022-12-31,2022,134846222,-295454214,-47399407,127727767,7191052,251996957.0,3673284013,0.11698066304230881,0.2026747337286343,2846755740.0,128.75742703834047,0.9946936158677039,0.1322,0.2250107179501668,0.07539767413024157,1.4350453532962324,1.2150541852649155,0.014266820107168824,0.17699143616218863,5.737446891273593,4.533788030392611,277038161,2223064152.0,7.0596,277038161,314898267.0,8373144919.53,56664841.0,0.018684069284353483,0.03449815520703653,0.09431078396714215,0.0007509740576109381,39.5748201774549,0.0029549239834951785,2858082.0,奶牛型
52,002987,京北方,2021-12-31,2021,-49488953,323209327,-38849977,-63066028,13611375,209259152.0,3054262229,0.157565654727189,0.3322447020997248,2334165655.0,115.42897400599293,0.9473585095368051,0.1234,0.23576776321389004,0.0754627571960194,1.3552391628375395,1.2255837796266227,0.02097517656578033,0.1840623088224557,5.610281576898909,4.782627633441464,230606135,1970767998.0,8.7618,230606135,224927334.0,7067216834.0,63763953.0,0.02211261638202972,0.039334333790761095,0.09198268744985354,-0.00017205398901588552,27.942319200247752,0.004546694569231173,2833313.0,危险
53,002987,京北方,2020-12-31,2020,55374323,-618393081,818359839,32049186,23488611,257900431.0,2292568493,1.346757175803513,0.3590017952544251,1651847718.0,94.06008709722637,0.9072724122969092,0.2052,0.2794772662000463,0.12042223333477522,1.5390045815311129,1.178803560870944,-4.786781966388099e-10,0.15168223680868187,6.405494152388061,5.81220352648105,276076218,1772208906.0,11.0306,276076218,160662382.0,7670022117.0,69056895.0,0.024705766991451016,0.03893949178512068,0.08411006894178756,-0.0006494436282039579,34.08898718524445,0.0,8964138.0,蛮牛型
54,002987,京北方,2019-12-31,2019,184396397,-7373471,-27623032,176835622,7926343,168822017.0,1686950305,0.3408424093152249,0.375990088801341,1233676990.0,78.98806325386894,1.0144527819982225,0.3213,0.26869393464438773,0.10355868189015799,2.1709491255180553,1.412143720660483,0.051673707548347866,0.29185678102772467,3.1738304058906714,3.1393579340003686,174698350,630389978.0,5.23,174698350,0.0,0.0,66360504.0,0.025007922803037166,0.0485920680396095,0.0734316989853474,0.0036107572238175682,0.0,,8450814.0,奶牛型
55,002987,京北方,2018-12-31,2018,54094907,-19565988,11321391,34340282,19760315,73176299.0,1225990157,0.24316216528950838,0.21411865173172406,952440531.0,87.33136626984924,0.9932680536194549,0.1845,0.22312546674059475,0.06364582582860003,2.0467916214880604,1.440220028611554,0.09037343332021217,0.30566164731555284,2.911453348586582,2.845938320202248,78029156,460979503.0,3.83,78029156,0.0,0.0,71710754.0,0.02683651072738588,0.058352568812671146,0.06393728575424444,0.0035593572877273922,0.0,,6592766.0,蛮牛型
56,301236,软通动力,2024-12-31,2024,741398323,-1699141867,1903189421,57901283,691615294,72465865.0,31316390335,0.48431970227429755,0.7812949994388724,27415678750.0,83.4708538190504,1.1107857183055514,0.0171,0.12455814809028176,0.00435286054815998,1.6142912177231694,2.1734584806315693,0.28110256149518265,0.5399037943851509,1.8904771425029265,1.4356873139126947,180378471,10574475341.0,11.0967,180378471,952941177.0,55947176501.67,1040358876.0,0.03214581895394554,0.04881852252592955,0.029294215207641684,0.003947849502368262,280.5398634679717,0.003065917222737414,2681367512.0,蛮牛型
57,301236,软通动力,2023-12-31,2023,872344309,-918612308,-56831217,337235292,539537983,461754325.0,17580687278,0.03683424323788092,-0.07972297637847425,14194499181.0,119.00493442759837,1.0548805859374664,0.0518,0.19260840281468317,0.027684260023728067,1.1460594942500497,1.4734248405401127,0.1671945276307466,0.3213091211130725,2.6562455843797714,2.48654071437995,533896395,10560921113.0,11.0824,533896395,952941177.0,44025882377.4,812223099.0,0.032892370352530655,0.07817294803484759,0.05441436246904386,0.0009726682313153195,87.5966903129881,0.0,199438666.0,奶牛型
58,301236,软通动力,2022-12-31,2022,1012373474,-851905118,3153100539,620174168,395570257,837899325.0,19103690331,0.43139187097834586,0.14921797852552357,15042166847.0,103.91734496311004,1.034816556826232,0.1114,0.21260413111959164,0.04973416049663666,1.493302726177274,1.5017801320573974,0.17767319150877342,0.33412356532508686,2.6960862445805645,2.5405057697057662,973320004,10058371166.0,15.8326,973320004,635294118.0,22349647071.24,703071502.0,0.03107072899086976,0.0763603056124099,0.055417291562880076,0.00395146040854236,26.811176597482365,0.01421262080727686,138553617.0,蛮牛型
59,301236,软通动力,2021-12-31,2021,647206842,-220266688,-291995228,366201108,282670056,868390916.0,16623208728,0.16389927755429579,0.27877776502733365,12522412017.0,103.18646118477223,0.9993827244085123,0.2055,0.24669104371484252,0.05640495486413891,1.6993340652717834,2.0938212757396406,0.30425002684715174,0.5224043180826162,1.7431808266928546,1.594259809213973,944779223,5078404421.0,14.1067,944779223,360000000.0,0.0,730302805.0,0.034740688302088193,0.08508912287298087,0.06021984451857627,0.0078012894575259645,0.0,,119496507.0,奶牛型
60,301236,软通动力,2020-12-31,2020,1422749383,-228566005,-431452907,1240874591,183030066,1106333933.0,12999294469,0.1196348761267729,0.22580211385997717,9460253740.0,111.12020292832518,1.030666487012096,0.342,0.27224867760628924,0.09654131583777725,1.5189241614673463,2.2187029225784247,0.3130895887184187,0.5492862114059558,1.8048825779874473,1.6451639721395925,1258631373,4117741669.0,11.4382,1258631373,0.0,0.0,642413087.0,0.028678196181263844,0.0785246501980753,0.06421187865161207,0.010955195940795947,0.0,,74674930.0,奶牛型
61,301236,软通动力,2019-12-31,2019,1126197426,-333748786,-333421007,997976116,129221295,657626845.0,10604725120,0.07855133067886194,0.3029113398246779,7754609143.0,122.22206401582086,1.029016711090386,0.2398,0.26875906209250244,0.06688306023720868,1.3628775766130927,2.463053041877488,0.36060998463602045,0.5939998112108299,1.5684836953904329,1.4106614287910861,712010017,3317585660.0,0.0,712010017,0.0,0.0,569836821.0,0.029163541864628738,0.07096188467730882,0.07730850236314282,0.015245739816026461,0.0,,97678633.0,奶牛型
62,301236,软通动力,2018-12-31,2018,213263605,-130700584,139670736,28963258,185135229,280327045.0,8139253068,0.11621418294638039,0.1612919849537193,6158162189.0,134.58603551315161,0.9614548513998853,0.1246,0.2433995923764537,0.03601020690121144,1.1468078366825185,2.897565413224892,0.4006839215033118,0.6548826834293849,1.3225285801699307,1.1735344922612032,306598916,2620341367.0,0.0,306598916,0.0,0.0,557641898.0,0.021484638152794194,0.07664386176326222,0.061366508551469946,0.020240085131113902,0.0,,157918523.0,蛮牛型
63,300662,科锐国际,2024-12-31,2024,118299678,-66633854,-275734221,35927073,82530675,138854501.0,11787660144,0.07368263357257125,0.20546713519221002,11037921002.0,65.24297049759818,1.038660696307228,0.1091,0.06360372905572975,0.01736807419784735,3.033011659381684,1.9586184198228027,0.10459631668968791,0.48943602802915,1.9374953979484668,1.921808310763191,205349967,1972178808.0,10.0209,205349967,196806359.0,4144741920.54,9131917.0,0.014094345270428082,0.023502511237653477,0.0035020346273736277,0.002411634510388375,31.666363026597992,0.0037986705328926047,121410686.0,奶牛型
64,300662,科锐国际,2023-12-31,2023,175002759,-91443159,-398895776,113137756,61991553,134072720.0,9778499803,-1.3341658777404933e-05,0.07549854965044411,9063516053.0,65.809826730076,1.0610017958804883,0.0987,0.07311793878450012,0.022754321571059093,2.6087238155997934,2.023670440967321,0.1713049824123431,0.5058483932186129,2.080757060301433,2.06038218519191,200501198,1795320801.0,9.1223,200501198,196806359.0,5435791635.58,8846836.0,0.01866466694042434,0.026132414802688114,0.004198409656602414,2.34033854487362e-06,34.25947700399499,0.004236060825488776,95274091.0,奶牛型
65,300662,科锐国际,2022-12-31,2022,337738569,-174555865,-131030218,273298576,64449576,235249265.0,9092062287,0.10621955310935838,0.29692974656563187,8212216436.0,60.81631765024308,1.0367896347870675,0.1348,0.09677076808613816,0.04032501179894304,2.5479040131816104,1.5292456172979323,0.04103339284549058,0.3460828079619227,2.5440529382945574,2.5254377678267272,290693988,2263228092.0,11.498,290693988,196837115.0,9645018635.0,10633344.0,0.021225762308726692,0.024552934631693862,0.004763686238921605,-0.0002960803517425353,41.033707745232874,0.004224489795918367,92541665.0,奶牛型
66,300662,科锐国际,2021-12-31,2021,-42728239,-37739388,671892430,-74906348,32186662,210645700.0,7010450883,0.7068679894609591,0.7829219290934257,6202706160.0,56.52004293976961,0.9517669295965026,0.1625,0.11522008162966257,0.04206902179646867,2.609174402035313,1.530268911701937,0.045256692892206185,0.34652008391922545,2.551057290195734,2.534228563082193,252542937,2050730110.0,10.4157,252542937,196887795.0,12248389727.0,10714669.0,0.02413455850754015,0.03084536966436371,0.005528277374281405,0.0015496777855393755,58.75955628289568,0.001527085677543803,79425198.0,危险
67,300662,科锐国际,2020-12-31,2020,200931773,-80720062,-24998341,161434423,39582819,149303602.0,3932001042,0.17861765548816125,0.0964989269266125,3398419290.0,66.87551871946123,1.0444615828257962,0.1967,0.13570234247155621,0.052792608339293515,2.1430375582070846,1.67832009778915,0.01971807036376349,0.4041661055496509,1.9105147556420015,1.8835176149957722,186313763,1038342488.0,5.6785,186313763,182856000.0,9892509600.0,11411922.0,0.025301750924612294,0.04564838998839716,0.003696509447669673,-0.0010453542499340976,71.05855086022066,0.003077270604822056,42946036.0,奶牛型
68,300662,科锐国际,2019-12-31,2019,123257774,-38583364,-27008368,96041626,27220504,132600644.0,3585959772,0.22211627391175318,0.6323692564031431,3072930005.0,58.13903215798985,1.0247432192889643,0.1923,0.14306623599234292,0.049862215799558615,2.3417921051677224,1.70301865581354,0.020486350247153496,0.41280737202359347,1.899710852878726,1.8724059274991856,152242154,861320814.0,4.7251,152242154,182287000.0,5794903730.0,9993774.0,0.03166567145751015,0.045144138610822095,0.0021163182195341147,-0.0002742428980042668,44.854951587819194,0.004069092619766438,70996884.0,奶牛型
69,300662,科锐国际,2018-12-31,2018,133258591,-301775217,-9107129,108371088,24929873,107884322.0,2196782228,0.49354403979034506,0.9353707572876044,1798750996.0,61.78325330027167,1.0444255191780438,0.1743,0.18118829755937005,0.062383434849965475,1.9094034409599712,1.6561626434926981,0.0436109290974803,0.3961945682514068,1.9036352193407011,1.854511388210105,117674956,728015342.0,4.0445,117674956,180000000.0,4788000000.0,11724703.0,0.042311716116086494,0.059971898133910066,0.0022671905920025495,-0.00023033006801983287,48.763944013125936,0.003120300751879699,59971080.0,奶牛型
